place,competitionId,competition,country,startDate,endDate,partScore,participationScorePlace,resultScore,resultScorePlace,competitionScore,competitionUrl
1,532926,"Weltklasse Zürich, Letzigrund, Zürich",SUI,18 AUG 2010,19 AUG 2010,7780,1,86462,1,94242,https://worldathletics.org/records/competition-performance-rankings/ranking/532926
2,531473,"Bruxelles Memorial van Damme, Boudewijnstadion, Bruxelles",BEL,27 AUG 2010,27 AUG 2010,7735,2,85933,4,93668,https://worldathletics.org/records/competition-performance-rankings/ranking/531473
3,531467,"Athletissima Lausanne, Stade Olympique de la Pontaise, Lausanne",SUI,08 JUL 2010,08 JUL 2010,6985,6,86244,3,93229,https://worldathletics.org/records/competition-performance-rankings/ranking/531467
4,531471,"Crystal Palace AVIVA London Grand Prix, Crystal Palace, London",GBR,13 AUG 2010,14 AUG 2010,7680,3,85479,10,93159,https://worldathletics.org/records/competition-performance-rankings/ranking/531471
5,523383,"Monaco Herculis, Stade Louis II, Monaco",MON,22 JUL 2010,22 JUL 2010,6655,9,86432,2,93087,https://worldathletics.org/records/competition-performance-rankings/ranking/523383
6,531468,"Paris Meeting Areva, Stade de France, Paris-St-Denis",FRA,16 JUL 2010,16 JUL 2010,7155,4,85880,5,93035,https://worldathletics.org/records/competition-performance-rankings/ranking/531468
7,531470,"Stockholm DN Galan, Olympiastadion, Stockholm",SWE,05 AUG 2010,06 AUG 2010,7080,5,85653,7,92733,https://worldathletics.org/records/competition-performance-rankings/ranking/531470
8,521783,"Oslo ExxonMobil Bislett Games, Bislett Stadion, Oslo",NOR,04 JUN 2010,04 JUN 2010,6920,8,85607,8,92527,https://worldathletics.org/records/competition-performance-rankings/ranking/521783
9,526113,"Eugene Prefontaine Classic, Hayward Field, Eugene, OR",USA,03 JUL 2010,03 JUL 2010,6615,10,85814,6,92429,https://worldathletics.org/records/competition-performance-rankings/ranking/526113
10,526112,"Roma Golden Gala, Stadio Olimpico, Roma",ITA,10 JUN 2010,10 JUN 2010,6925,7,85468,11,92393,https://worldathletics.org/records/competition-performance-rankings/ranking/526112
11,531464,"Doha IAAF Diamond League Meeting, Suhaim bin Hamad Stadium, Doha",QAT,14 MAY 2010,14 MAY 2010,6270,11,85303,12,91573,https://worldathletics.org/records/competition-performance-rankings/ranking/531464
12,524213,"Rieti IAAF World Challenge, Stadio Guidobaldi, Rieti",ITA,28 AUG 2010,29 AUG 2010,5315,16,85572,9,91007,https://worldathletics.org/records/competition-performance-rankings/ranking/524213
13,523957,"Berlin ISTAF, Olympiastadion, Berlin",GER,21 AUG 2010,22 AUG 2010,6090,13,84710,15,90920,https://worldathletics.org/records/competition-performance-rankings/ranking/523957
14,523078,"Gateshead AVIVA British Grand Prix, International Stadium, Gateshead",GBR,10 JUL 2010,10 JUL 2010,5965,15,84926,13,90891,https://worldathletics.org/records/competition-performance-rankings/ranking/523078
15,531466,"New York adidas Grand Prix, Icahn Stadium, New York, NY",USA,12 JUN 2010,12 JUN 2010,6085,14,84732,14,90817,https://worldathletics.org/records/competition-performance-rankings/ranking/531466
16,537126,"Shanghai IAAF Diamond League Meeting, Shanghai Stadium, Shanghai",CHN,23 MAY 2010,23 MAY 2010,6105,12,84312,16,90417,https://worldathletics.org/records/competition-performance-rankings/ranking/537126
17,526110,"Golden Spike Ostrava 2010, Mestský Stadion, Ostrava",CZE,26 MAY 2010,27 MAY 2010,4475,19,83705,17,88180,https://worldathletics.org/records/competition-performance-rankings/ranking/526110
18,524385,"Zagreb Meeting 2010, Sports Park Mladost, Zagreb",CRO,01 SEP 2010,01 SEP 2010,4955,17,82524,20,87479,https://worldathletics.org/records/competition-performance-rankings/ranking/524385
19,521852,"Bydgoszcz Enea Cup 2010, Bydgoszcz",POL,06 JUN 2010,06 JUN 2010,4205,20,82501,21,86826,https://worldathletics.org/records/competition-performance-rankings/ranking/521852
20,521863,"Hengelo Fanny Blankers-Koen Games, FBK Stadium, Hengelo",NED,30 MAY 2010,30 MAY 2010,4800,18,81994,25,86794,https://worldathletics.org/records/competition-performance-rankings/ranking/521863
21,523720,"Luzern Spitzen Leichtathletik, Luzern",SUI,08 AUG 2010,08 AUG 2010,3220,23,82603,18,85823,https://worldathletics.org/records/competition-performance-rankings/ranking/523720
22,537202,"Daegu Colorful Pre-Championships Meeting, Daegu",KOR,19 MAY 2010,19 MAY 2010,3480,21,82269,24,85749,https://worldathletics.org/records/competition-performance-rankings/ranking/537202
23,520197,"Kingston Jamaica International, Kingston",JAM,01 MAY 2010,01 MAY 2010,3295,22,82408,23,85703,https://worldathletics.org/records/competition-performance-rankings/ranking/520197
24,531474,"Meeting International Mohammed VI d'Athletisme de Rabat, Rabat",MAR,06 JUN 2010,06 JUN 2010,3100,24,82427,22,85527,https://worldathletics.org/records/competition-performance-rankings/ranking/531474
25,522446,"Zhukovskiy Znamenskiy Memorial, Meteor, Zhukovskiy",RUS,26 JUN 2010,26 JUN 2010,2805,28,82587,19,85392,https://worldathletics.org/records/competition-performance-rankings/ranking/522446
26,520219,"Baie Mahault Meeting International Guadeloupe, Baie Mahault",FRA,01 MAY 2010,01 MAY 2010,2880,27,81926,27,84806,https://worldathletics.org/records/competition-performance-rankings/ranking/520219
27,522554,"Madrid Meeting de Atletismo, Moratalaz, Madrid",ESP,02 JUL 2010,02 JUL 2010,2925,25,81605,32,84530,https://worldathletics.org/records/competition-performance-rankings/ranking/522554
28,523073,"Barcelona Míting Internacional d'Atletisme, Barcelona",ESP,09 JUL 2010,09 JUL 2010,2380,31,81942,26,84322,https://worldathletics.org/records/competition-performance-rankings/ranking/523073
29,524056,"Villeneuve d'Ascq Meeting Lille Métropole, Villeneuve d'Ascq",FRA,24 AUG 2010,24 AUG 2010,2905,26,81355,34,84260,https://worldathletics.org/records/competition-performance-rankings/ranking/524056
30,521084,"Rio de Janeiro Grande Prêmio Rio Caixa de Atletismo, Rio de Janeiro",BRA,23 MAY 2010,23 MAY 2010,2315,33,81634,31,83949,https://worldathletics.org/records/competition-performance-rankings/ranking/521084
31,522468,"Moskva Moscow Open, Moskva",RUS,29 JUN 2010,29 JUN 2010,2355,32,81567,33,83922,https://worldathletics.org/records/competition-performance-rankings/ranking/522468
32,520484,"Ponce Grand Prix, Ponce",PUR,08 MAY 2010,08 MAY 2010,1770,46,81680,30,83450,https://worldathletics.org/records/competition-performance-rankings/ranking/520484
33,522421,"Bochum-Wattenscheid DAK Leichtathletik-Gala, Wattenscheid, Bochum",GER,26 JUN 2010,26 JUN 2010,2200,36,81116,36,83316,https://worldathletics.org/records/competition-performance-rankings/ranking/522421
34,521903,"Montreuil-sous-Bois Meeting Alma Athlé Tour, Montreuil-sous-Bois",FRA,08 JUN 2010,08 JUN 2010,2220,35,81046,37,83266,https://worldathletics.org/records/competition-performance-rankings/ranking/521903
35,523132,"Naimette-Xhovémont Meeting International de Liége, Liège",BEL,13 JUL 2010,13 JUL 2010,1370,57,81891,28,83261,https://worldathletics.org/records/competition-performance-rankings/ranking/523132
36,523084,"Heusden-Zolder KBC Night of Athletics, Heusden-Zolder",BEL,10 JUL 2010,10 JUL 2010,1495,51,81682,29,83177,https://worldathletics.org/records/competition-performance-rankings/ranking/523084
37,529293,"Tangier Meeting International, Tanger",MAR,18 JUL 2010,18 JUL 2010,2315,33,80757,39,83072,https://worldathletics.org/records/competition-performance-rankings/ranking/529293
38,523075,"Reims Alma Athlé Tour, Reims",FRA,30 JUN 2010,30 JUN 2010,1785,45,81156,35,82941,https://worldathletics.org/records/competition-performance-rankings/ranking/523075
39,537142,"Dubnica nad Váhom Athletic Bridge, Dubnica nad Váhom",SVK,22 AUG 2010,22 AUG 2010,2760,30,80084,46,82844,https://worldathletics.org/records/competition-performance-rankings/ranking/537142
40,565156,"Rethymno Vardinoyiannia, Rethymno",GRE,07 JUL 2010,07 JUL 2010,1745,47,80924,38,82669,https://worldathletics.org/records/competition-performance-rankings/ranking/565156
41,520442,"Osaka Grand Prix, Osaka",JPN,08 MAY 2010,08 MAY 2010,1960,40,80689,41,82649,https://worldathletics.org/records/competition-performance-rankings/ranking/520442
42,522068,"Torino Memorial Primo Nebiolo, Torino",ITA,12 JUN 2010,12 JUN 2010,1860,42,80479,42,82339,https://worldathletics.org/records/competition-performance-rankings/ranking/522068
43,524558,"Annecy DécaNation, Annecy",FRA,11 SEP 2010,11 SEP 2010,2790,29,79492,53,82282,https://worldathletics.org/records/competition-performance-rankings/ranking/524558
44,524516,"Milano Notturna di Milano, Milano",ITA,09 SEP 2010,09 SEP 2010,1835,44,80445,43,82280,https://worldathletics.org/records/competition-performance-rankings/ranking/524516
45,521948,"Huelva Meeting Iberoamericano de Atletismo, Huelva",ESP,09 JUN 2010,09 JUN 2010,1575,49,80698,40,82273,https://worldathletics.org/records/competition-performance-rankings/ranking/521948
46,529288,"Janusz Kusociński Memorial, Warszawa",POL,08 JUN 2010,08 JUN 2010,2140,38,79989,47,82129,https://worldathletics.org/records/competition-performance-rankings/ranking/529288
47,524317,"Rovereto Palio Città della Quercia, Rovereto",ITA,31 AUG 2010,31 AUG 2010,2190,37,79747,51,81937,https://worldathletics.org/records/competition-performance-rankings/ranking/524317
48,522081,"Sotteville Meeting de Sotteville les Rouen, Sotteville-lès-Rouen",FRA,12 JUN 2010,12 JUN 2010,1965,39,79827,50,81792,https://worldathletics.org/records/competition-performance-rankings/ranking/522081
49,522429,"Meeting Stanislas Nancy, Stade Raymond Petit, Tomblaine",FRA,25 JUN 2010,25 JUN 2010,1315,60,80405,44,81720,https://worldathletics.org/records/competition-performance-rankings/ranking/522429
50,522109,"Memoriál Josefa Odložila, Stadion Juliska, Praha",CZE,14 JUN 2010,14 JUN 2010,1435,53,80244,45,81679,https://worldathletics.org/records/competition-performance-rankings/ranking/522109
51,519916,"Dakar Meeting Grand Prix IAAF, Dakar",SEN,23 APR 2010,24 APR 2010,1850,43,79074,59,80924,https://worldathletics.org/records/competition-performance-rankings/ranking/519916
52,517168,"Sydney Track Classic, Sydney",AUS,27 FEB 2010,27 FEB 2010,1235,63,79396,54,80631,https://worldathletics.org/records/competition-performance-rankings/ranking/517168
53,523781,"Göteborg Folksam Grand Prix, Göteborg",SWE,10 AUG 2010,10 AUG 2010,1400,56,79195,57,80595,https://worldathletics.org/records/competition-performance-rankings/ranking/523781
54,520202,"Stanford Payton Jordan Cardinal Invitational, Palo Alto, CA",USA,01 MAY 2010,01 MAY 2010,655,91,79875,49,80530,https://worldathletics.org/records/competition-performance-rankings/ranking/520202
55,523271,"Lignano Sabbiadoro Meeting Sport Solidarietà, Lignano Sabbiadoro",ITA,18 JUL 2010,18 JUL 2010,1295,61,79189,58,80484,https://worldathletics.org/records/competition-performance-rankings/ranking/523271
56,522522,"Velenje International Meeting, Velenje",SLO,01 JUL 2010,01 JUL 2010,1265,62,79206,56,80471,https://worldathletics.org/records/competition-performance-rankings/ranking/522522
57,521847,"Regensburg Sparkassen-Gala, Regensburg",GER,05 JUN 2010,05 JUN 2010,495,107,79909,48,80404,https://worldathletics.org/records/competition-performance-rankings/ranking/521847
58,520997,"Belém GP Caixa Governo do Pará, Belém",BRA,19 MAY 2010,19 MAY 2010,1360,58,78880,60,80240,https://worldathletics.org/records/competition-performance-rankings/ranking/520997
59,517121,"Melbourne Track Classic, Olympic Park, Melbourne",AUS,04 MAR 2010,04 MAR 2010,1615,48,78549,65,80164,https://worldathletics.org/records/competition-performance-rankings/ranking/517121
60,520344,"Baton Rouge LSU Alumni Gold, Baton Rouge, LA",USA,16 APR 2010,17 APR 2010,460,113,79682,52,80142,https://worldathletics.org/records/competition-performance-rankings/ranking/520344
61,522097,"Genève Swiss Meeting, Genève",SUI,12 JUN 2010,12 JUN 2010,580,97,79363,55,79943,https://worldathletics.org/records/competition-performance-rankings/ranking/522097
62,523225,"Karlstad Folksam GP, Karlstad",SWE,15 JUL 2010,15 JUL 2010,1200,64,78715,63,79915,https://worldathletics.org/records/competition-performance-rankings/ranking/523225
63,523077,"Biberach Weltklasse, Biberach",GER,08 JUL 2010,09 JUL 2010,1045,70,78785,62,79830,https://worldathletics.org/records/competition-performance-rankings/ranking/523077
64,521860,"Sacramento California Invitational Relays, Sacramento, CA",USA,29 MAY 2010,29 MAY 2010,1435,53,78326,68,79761,https://worldathletics.org/records/competition-performance-rankings/ranking/521860
65,524728,"Kawasaki Super Track & Field Meet, Kawasaki",JPN,19 SEP 2010,19 SEP 2010,1940,41,77712,78,79652,https://worldathletics.org/records/competition-performance-rankings/ranking/524728
66,521665,"Baunatal Weltklasse, Baunatal",GER,02 JUN 2010,02 JUN 2010,1435,53,78158,73,79593,https://worldathletics.org/records/competition-performance-rankings/ranking/521665
67,522523,"Sollentuna Folksam GP, Sollentuna",SWE,01 JUL 2010,01 JUL 2010,905,76,78531,66,79436,https://worldathletics.org/records/competition-performance-rankings/ranking/522523
68,521140,"Loughborough International, Loughborough",GBR,22 MAY 2010,22 MAY 2010,745,84,78681,64,79426,https://worldathletics.org/records/competition-performance-rankings/ranking/521140
69,520205,"Austin Texas Invite, Austin, TX",USA,01 MAY 2010,01 MAY 2010,495,107,78865,61,79360,https://worldathletics.org/records/competition-performance-rankings/ranking/520205
70,521622,"Cottbus Internationales Lausitzer Meeting, Cottbus",GER,30 MAY 2010,30 MAY 2010,1200,64,78109,74,79309,https://worldathletics.org/records/competition-performance-rankings/ranking/521622
71,521104,"Rehlingen Pfingstsportfest, Rehlingen",GER,24 MAY 2010,24 MAY 2010,815,79,78493,67,79308,https://worldathletics.org/records/competition-performance-rankings/ranking/521104
72,524405,"Padova Meeting Citta di Padova, Padova",ITA,03 SEP 2010,03 SEP 2010,1560,50,77674,80,79234,https://worldathletics.org/records/competition-performance-rankings/ranking/524405
73,521438,"Brazzaville CAA Meeting, Brazzaville",CGO,30 MAY 2010,30 MAY 2010,820,78,78254,71,79074,https://worldathletics.org/records/competition-performance-rankings/ranking/521438
74,523076,"Bottrop Internationales Meeting, Bottrop",GER,09 JUL 2010,09 JUL 2010,640,93,78292,69,78932,https://worldathletics.org/records/competition-performance-rankings/ranking/523076
75,521423,"Maringá GP CAIXA Internacional, Maringa",BRA,30 MAY 2010,30 MAY 2010,995,72,77933,75,78928,https://worldathletics.org/records/competition-performance-rankings/ranking/521423
76,521360,"Dessau Anhalt 2010, Dessau",GER,28 MAY 2010,28 MAY 2010,1330,59,77578,81,78908,https://worldathletics.org/records/competition-performance-rankings/ranking/521360
77,521242,"Uberlandia Grande Prêmio Caixa Sesi de Atletismo, Uberlandia",BRA,26 MAY 2010,26 MAY 2010,1475,52,77420,88,78895,https://worldathletics.org/records/competition-performance-rankings/ranking/521242
78,522963,"Uden MONDO Keien Meeting, Uden",NED,03 JUL 2010,03 JUL 2010,545,104,78259,70,78804,https://worldathletics.org/records/competition-performance-rankings/ranking/522963
79,522957,"Cork City Sports, Cork",IRL,03 JUL 2010,03 JUL 2010,1155,66,77495,84,78650,https://worldathletics.org/records/competition-performance-rankings/ranking/522957
80,523885,"Kessel-Lo Meeting voor Mon, Kessel-Lo",BEL,14 AUG 2010,14 AUG 2010,695,88,77844,76,78539,https://worldathletics.org/records/competition-performance-rankings/ranking/523885
81,523226,"Lappeenranta Games, Lappeenranta",FIN,15 JUL 2010,15 JUL 2010,920,74,77508,83,78428,https://worldathletics.org/records/competition-performance-rankings/ranking/523226
82,521872,"Oordegem Int. Flanders Athletics Meeting, Oordegem",BEL,05 JUN 2010,05 JUN 2010,230,162,78178,72,78408,https://worldathletics.org/records/competition-performance-rankings/ranking/521872
83,523269,"Lapinlahti Savo Games, Lapinlahti",FIN,18 JUL 2010,18 JUL 2010,925,73,77477,85,78402,https://worldathletics.org/records/competition-performance-rankings/ranking/523269
84,520825,"Fortaleza Grande Prêmio Caixa Unifor de Atletismo, Fortaleza",BRA,16 MAY 2010,16 MAY 2010,1070,69,77327,91,78397,https://worldathletics.org/records/competition-performance-rankings/ranking/520825
85,522044,"Istanbul Cezmi Or Memorial, Istanbul",TUR,12 JUN 2010,12 JUN 2010,920,74,77454,86,78374,https://worldathletics.org/records/competition-performance-rankings/ranking/522044
86,521864,"Bangalore Asian Grand Prix, Bengaluru",IND,05 JUN 2010,05 JUN 2010,680,89,77686,79,78366,https://worldathletics.org/records/competition-performance-rankings/ranking/521864
87,537905,"Arzana Meeting Terra Sarda, Arzana",ITA,07 SEP 2010,07 SEP 2010,765,83,77422,87,78187,https://worldathletics.org/records/competition-performance-rankings/ranking/537905
88,522976,"La Chaux-de-Fonds Swiss Meeting, La Chaux-de-Fonds",SUI,04 JUL 2010,04 JUL 2010,580,97,77522,82,78102,https://worldathletics.org/records/competition-performance-rankings/ranking/522976
89,522955,"Oordegem Memorial Léon Buyle, Oordegem",BEL,03 JUL 2010,03 JUL 2010,375,125,77724,77,78099,https://worldathletics.org/records/competition-performance-rankings/ranking/522955
90,519614,"Gainesville Tom Jones Invitational, Gainesville, FL",USA,17 APR 2010,17 APR 2010,630,94,77329,90,77959,https://worldathletics.org/records/competition-performance-rankings/ranking/519614
91,519530,"Coral Gables Miami Invitational, Coral Gables, FL",USA,10 APR 2010,10 APR 2010,455,114,77358,89,77813,https://worldathletics.org/records/competition-performance-rankings/ranking/519530
92,521883,"Marseille Meeting National D2, Marseille",FRA,05 JUN 2010,05 JUN 2010,450,115,77300,92,77750,https://worldathletics.org/records/competition-performance-rankings/ranking/521883
93,525962,"Leiden Gouden Spike, Leiden",NED,12 JUN 2010,12 JUN 2010,395,120,77223,93,77618,https://worldathletics.org/records/competition-performance-rankings/ranking/525962
94,523041,"Burnaby Harry Jerome Track Classic, Burnaby",CAN,05 JUL 2010,05 JUL 2010,545,104,77053,94,77598,https://worldathletics.org/records/competition-performance-rankings/ranking/523041
95,523200,"Nuoro Memorial Paolo Delogu, Nuoro",ITA,14 JUL 2010,14 JUL 2010,795,82,76650,96,77445,https://worldathletics.org/records/competition-performance-rankings/ranking/523200
96,522300,"Reunión Internacional de Atletismo Villa De Bilbao, Bilbao",ESP,19 JUN 2010,19 JUN 2010,1080,68,76344,100,77424,https://worldathletics.org/records/competition-performance-rankings/ranking/522300
97,522472,"Metz Meeting National D1, Metz",FRA,29 JUN 2010,29 JUN 2010,595,96,76798,95,77393,https://worldathletics.org/records/competition-performance-rankings/ranking/522472
98,523946,"Joensuu Vattenfall Eliittikisat, Joensuu",FIN,21 AUG 2010,21 AUG 2010,725,87,76564,98,77289,https://worldathletics.org/records/competition-performance-rankings/ranking/523946
99,521888,"Praha Czech Club Championships, Praha",CZE,06 JUN 2010,06 JUN 2010,645,92,76634,97,77279,https://worldathletics.org/records/competition-performance-rankings/ranking/521888
100,524223,"Ljubljana International Meeting, Ljubljana",SLO,29 AUG 2010,29 AUG 2010,1090,67,76114,104,77204,https://worldathletics.org/records/competition-performance-rankings/ranking/524223
101,522186,"Pune Asian Grand Prix, Pune",IND,01 JUN 2010,01 JUN 2010,600,95,76459,99,77059,https://worldathletics.org/records/competition-performance-rankings/ranking/522186
102,523941,"Königs Wusterhausen Stadionfest, Königs Wusterhausen",GER,20 AUG 2010,20 AUG 2010,1045,70,75920,108,76965,https://worldathletics.org/records/competition-performance-rankings/ranking/523941
103,523042,"Glasgow UKA Super 8, Glasgow",GBR,07 JUL 2010,07 JUL 2010,840,77,76065,106,76905,https://worldathletics.org/records/competition-performance-rankings/ranking/523042
104,521169,"Brest Belarus Cup, Brest",BLR,22 MAY 2010,22 MAY 2010,570,100,76285,102,76855,https://worldathletics.org/records/competition-performance-rankings/ranking/521169
105,523890,"Bedford International Games, Bedford",GBR,15 AUG 2010,15 AUG 2010,450,115,76332,101,76782,https://worldathletics.org/records/competition-performance-rankings/ranking/523890
106,523648,"Rakvere BIG Kuldliiga, Rakvere",EST,03 AUG 2010,03 AUG 2010,805,80,75823,111,76628,https://worldathletics.org/records/competition-performance-rankings/ranking/523648
107,522072,"Bydgoszcz POL-GER U23 Match, Bydgoszcz",POL,12 JUN 2010,12 JUN 2010,375,125,76077,105,76452,https://worldathletics.org/records/competition-performance-rankings/ranking/522072
108,522004,"Chennai Asian Grand Prix, Chennai",IND,09 JUN 2010,09 JUN 2010,565,102,75881,109,76446,https://worldathletics.org/records/competition-performance-rankings/ranking/522004
109,521458,"Forbach Meeting National D1, Forbach",FRA,30 MAY 2010,30 MAY 2010,735,85,75600,116,76335,https://worldathletics.org/records/competition-performance-rankings/ranking/521458
110,522443,"Nivelles Meeting International Lotto Cup, Nivelles",BEL,26 JUN 2010,26 JUN 2010,150,189,76155,103,76305,https://worldathletics.org/records/competition-performance-rankings/ranking/522443
111,522073,"Zeulenroda Meeting, Zeulenroda",GER,13 JUN 2010,13 JUN 2010,430,117,75786,114,76216,https://worldathletics.org/records/competition-performance-rankings/ranking/522073
112,520724,"Los Angeles Oxy Invitational, Los Angeles, CA",USA,08 MAY 2010,08 MAY 2010,215,165,76000,107,76215,https://worldathletics.org/records/competition-performance-rankings/ranking/520724
113,519289,"Germiston Yellow Pages Series, Germiston",RSA,06 APR 2010,06 APR 2010,375,125,75823,111,76198,https://worldathletics.org/records/competition-performance-rankings/ranking/519289
114,521079,"Ostrava Czech Club Championships, Ostrava",CZE,22 MAY 2010,22 MAY 2010,360,130,75799,113,76159,https://worldathletics.org/records/competition-performance-rankings/ranking/521079
115,518879,"Johannesburg Yellow Pages Series, Johannesburg",RSA,24 MAR 2010,24 MAR 2010,235,160,75879,110,76114,https://worldathletics.org/records/competition-performance-rankings/ranking/518879
116,522378,"Nantes Meeting National D1, Nantes",FRA,23 JUN 2010,23 JUN 2010,210,167,75778,115,75988,https://worldathletics.org/records/competition-performance-rankings/ranking/522378
117,522430,"Sofia International Athletics Meeting Pavel Pavlov, Sofia",BUL,26 JUN 2010,26 JUN 2010,355,131,75595,117,75950,https://worldathletics.org/records/competition-performance-rankings/ranking/522430
118,524417,"Kraków Polish National League First League, Kraków",POL,04 SEP 2010,04 SEP 2010,520,106,75395,121,75915,https://worldathletics.org/records/competition-performance-rankings/ranking/524417
119,523098,"Brasschaat Flanders Cup, Brasschaat",BEL,11 JUL 2010,11 JUL 2010,575,99,75308,123,75883,https://worldathletics.org/records/competition-performance-rankings/ranking/523098
120,517158,"Potchefstroom Yellow Pages Series, Potchefstroom",RSA,04 MAR 2010,04 MAR 2010,365,129,75503,118,75868,https://worldathletics.org/records/competition-performance-rankings/ranking/517158
121,522956,"Pardubice Czech Club Championships, Pardubice",CZE,03 JUL 2010,03 JUL 2010,320,135,75499,119,75819,https://worldathletics.org/records/competition-performance-rankings/ranking/522956
121,523096,"Kortrijk Guldensporenmeeting, Kortrijk",BEL,11 JUL 2010,11 JUL 2010,675,90,75144,125,75819,https://worldathletics.org/records/competition-performance-rankings/ranking/523096
123,523038,"Moskva Kuts Memorial, Moskva",RUS,07 JUL 2010,07 JUL 2010,395,120,75348,122,75743,https://worldathletics.org/records/competition-performance-rankings/ranking/523038
124,520273,"Sao Paulo Torneio FPA, São Paulo",BRA,25 APR 2010,25 APR 2010,80,228,75497,120,75577,https://worldathletics.org/records/competition-performance-rankings/ranking/520273
125,523119,"Patra 2010, Patra",GRE,30 JUN 2010,30 JUN 2010,375,125,75191,124,75566,https://worldathletics.org/records/competition-performance-rankings/ranking/523119
126,519619,"Waco Michael Johnson Classic, Waco, TX",USA,17 APR 2010,17 APR 2010,310,141,75143,126,75453,https://worldathletics.org/records/competition-performance-rankings/ranking/519619
127,482442,"Canberra Australia Cup, Canberra",AUS,30 JAN 2010,30 JAN 2010,280,150,75096,127,75376,https://worldathletics.org/records/competition-performance-rankings/ranking/482442
128,482585,"Brisbane Athletics Classic, Brisbane",AUS,06 FEB 2010,06 FEB 2010,320,135,74999,131,75319,https://worldathletics.org/records/competition-performance-rankings/ranking/482585
129,519491,"El Paso UTEP Invitational, El Paso, TX",USA,10 APR 2010,10 APR 2010,270,152,75015,129,75285,https://worldathletics.org/records/competition-performance-rankings/ranking/519491
130,523067,"Victoria International Track Classic, Victoria",CAN,07 JUL 2010,07 JUL 2010,230,162,75013,130,75243,https://worldathletics.org/records/competition-performance-rankings/ranking/523067
131,526156,"Norwalk CIF-SS Master's Track and Field Meet, Norwalk, CA",USA,28 MAY 2010,28 MAY 2010,0,,75085,128,75085,https://worldathletics.org/records/competition-performance-rankings/ranking/526156
132,520192,"Fayetteville Arkansas Twilight, Fayetteville, AR",USA,30 APR 2010,30 APR 2010,80,228,74991,132,75071,https://worldathletics.org/records/competition-performance-rankings/ranking/520192
133,522157,"Hérouville-St-Clair Meeting National D1, Hérouville",FRA,16 JUN 2010,16 JUN 2010,555,103,74471,139,75026,https://worldathletics.org/records/competition-performance-rankings/ranking/522157
134,523284,"Sopot Janusz Sidło Memorial, Sopot",POL,18 JUL 2010,18 JUL 2010,475,111,74549,138,75024,https://worldathletics.org/records/competition-performance-rankings/ranking/523284
135,519366,"Eugene Pepsi Team Invitational, Eugene, OR",USA,10 APR 2010,10 APR 2010,135,195,74865,133,75000,https://worldathletics.org/records/competition-performance-rankings/ranking/519366
136,522320,"Bonneuil-sur-Marne Meeting National D2, Bonneuil-sur-Marne",FRA,18 JUN 2010,18 JUN 2010,320,135,74576,137,74896,https://worldathletics.org/records/competition-performance-rankings/ranking/522320
137,523100,"Donnas Meeting Via Col...Vento, Donnas",ITA,10 JUL 2010,10 JUL 2010,205,171,74690,134,74895,https://worldathletics.org/records/competition-performance-rankings/ranking/523100
138,482796,"Hobart Briggs Athletics Classic, Hobart",AUS,12 FEB 2010,12 FEB 2010,145,190,74618,136,74763,https://worldathletics.org/records/competition-performance-rankings/ranking/482796
139,524418,"Vyškov Czech Club Championships, Vyškov",CZE,04 SEP 2010,04 SEP 2010,730,86,73975,148,74705,https://worldathletics.org/records/competition-performance-rankings/ranking/524418
140,519524,"Lubbock Texas Tech Invitational, Lubbock, TX",USA,10 APR 2010,10 APR 2010,25,264,74678,135,74703,https://worldathletics.org/records/competition-performance-rankings/ranking/519524
141,522422,"Kuortane Elite Games, Kuortane",FIN,26 JUN 2010,26 JUN 2010,800,81,73885,149,74685,https://worldathletics.org/records/competition-performance-rankings/ranking/522422
142,519379,"Oxford Ole Miss Invitational, Oxford, MS",USA,10 APR 2010,10 APR 2010,275,151,74365,141,74640,https://worldathletics.org/records/competition-performance-rankings/ranking/519379
143,523072,"Celle Ligure Meeting Arcobaleno, Celle Ligure",ITA,08 JUL 2010,08 JUL 2010,160,183,74374,140,74534,https://worldathletics.org/records/competition-performance-rankings/ranking/523072
144,522971,"Rhede International Meeting, Rhede",GER,03 JUL 2010,04 JUL 2010,240,158,74284,142,74524,https://worldathletics.org/records/competition-performance-rankings/ranking/522971
145,522467,"Vigo Campeonato de Espana de Federaciones, Vigo",ESP,26 JUN 2010,26 JUN 2010,235,160,74181,144,74416,https://worldathletics.org/records/competition-performance-rankings/ranking/522467
146,519508,"Piracicaba Torneio SESI-FPA, Piracicaba",BRA,10 APR 2010,10 APR 2010,175,176,74233,143,74408,https://worldathletics.org/records/competition-performance-rankings/ranking/519508
147,520646,"Athens Georgia Invitational, Athens, GA",USA,08 MAY 2010,08 MAY 2010,185,173,74108,147,74293,https://worldathletics.org/records/competition-performance-rankings/ranking/520646
148,523118,"Bern Swiss Meeting, Bern",SUI,10 JUL 2010,10 JUL 2010,140,192,74138,145,74278,https://worldathletics.org/records/competition-performance-rankings/ranking/523118
149,520440,"Bloomington Billy Hayes Invitational, Bloomington, IN",USA,07 MAY 2010,07 MAY 2010,140,192,74114,146,74254,https://worldathletics.org/records/competition-performance-rankings/ranking/520440
150,521672,"Kalamata Papaflessia, Kalamata",GRE,29 MAY 2010,29 MAY 2010,380,124,73849,150,74229,https://worldathletics.org/records/competition-performance-rankings/ranking/521672
151,520887,"Montgeron Meeting National D1, Montgeron",FRA,16 MAY 2010,16 MAY 2010,330,132,73727,152,74057,https://worldathletics.org/records/competition-performance-rankings/ranking/520887
152,521787,"Constanta Campionatele Internationale, Constanta",ROU,04 JUN 2010,04 JUN 2010,240,158,73809,151,74049,https://worldathletics.org/records/competition-performance-rankings/ranking/521787
153,524270,"Cardiff McCain Challenge Final, Cardiff",GBR,28 AUG 2010,28 AUG 2010,290,146,73559,155,73849,https://worldathletics.org/records/competition-performance-rankings/ranking/524270
154,523102,"Pergine Valsugana Meeting Città di Pergine, Pergine Valsugana",ITA,10 JUL 2010,10 JUL 2010,220,164,73582,154,73802,https://worldathletics.org/records/competition-performance-rankings/ranking/523102
155,521089,"Hoorn Flynth Recordwedstrijden, Hoorn",NED,22 MAY 2010,22 MAY 2010,145,190,73653,153,73798,https://worldathletics.org/records/competition-performance-rankings/ranking/521089
156,519504,"Denton North Texas Spring Classic, Denton, TX",USA,10 APR 2010,10 APR 2010,160,183,73542,156,73702,https://worldathletics.org/records/competition-performance-rankings/ranking/519504
157,524390,"Celje Int. Meeting, Celje",SLO,02 SEP 2010,02 SEP 2010,570,100,73048,168,73618,https://worldathletics.org/records/competition-performance-rankings/ranking/524390
158,518697,"Los Angeles USC Trojan Invitational, Los Angeles, CA",USA,20 MAR 2010,20 MAR 2010,55,244,73487,158,73542,https://worldathletics.org/records/competition-performance-rankings/ranking/518697
159,525529,"Norwalk CIF-SS Div. Finals, Norwalk, CA",USA,22 MAY 2010,22 MAY 2010,0,,73523,157,73523,https://worldathletics.org/records/competition-performance-rankings/ranking/525529
160,520321,"Natchitoches NSU Invitational, Natchitoches, LA",USA,01 MAY 2010,01 MAY 2010,10,279,73484,159,73494,https://worldathletics.org/records/competition-performance-rankings/ranking/520321
161,520235,"Los Angeles Dual Meet, Los Angeles, CA",USA,01 MAY 2010,01 MAY 2010,80,228,73410,160,73490,https://worldathletics.org/records/competition-performance-rankings/ranking/520235
162,523823,"Copenhagen Athletics Games, Copenhagen",DEN,12 AUG 2010,12 AUG 2010,420,119,73020,170,73440,https://worldathletics.org/records/competition-performance-rankings/ranking/523823
163,520256,"Lubbock Texas Tech vs Nebraska, Lubbock, TX",USA,01 MAY 2010,01 MAY 2010,110,214,73319,162,73429,https://worldathletics.org/records/competition-performance-rankings/ranking/520256
164,521887,Minsk,BLR,04 JUN 2010,04 JUN 2010,310,141,73113,164,73423,https://worldathletics.org/records/competition-performance-rankings/ranking/521887
165,525992,"Winter Park FHSAA 4A State Finals, Winter Park, FL",USA,08 MAY 2010,08 MAY 2010,0,,73404,161,73404,https://worldathletics.org/records/competition-performance-rankings/ranking/525992
166,523627,"Eton British Athletics League, Eton",GBR,31 JUL 2010,31 JUL 2010,160,183,73212,163,73372,https://worldathletics.org/records/competition-performance-rankings/ranking/523627
167,520873,"Lisse Ter Specke Bokaal, Lisse",NED,15 MAY 2010,15 MAY 2010,270,152,73063,167,73333,https://worldathletics.org/records/competition-performance-rankings/ranking/520873
168,521664,"Windsor Open, Windsor",CAN,29 MAY 2010,29 MAY 2010,65,241,73082,166,73147,https://worldathletics.org/records/competition-performance-rankings/ranking/521664
169,520265,"Iowa City Musco Invitational, Iowa City, IA",USA,01 MAY 2010,01 MAY 2010,30,259,73113,164,73143,https://worldathletics.org/records/competition-performance-rankings/ranking/520265
169,523687,"Riga Cup 2010, Riga",LAT,05 AUG 2010,05 AUG 2010,395,120,72748,175,73143,https://worldathletics.org/records/competition-performance-rankings/ranking/523687
171,519613,"Kingston UTech Classic, Kingston",JAM,17 APR 2010,17 APR 2010,475,111,72661,178,73136,https://worldathletics.org/records/competition-performance-rankings/ranking/519613
172,520495,"Eugene Oregon Twilight, Eugene, OR",USA,08 MAY 2010,08 MAY 2010,115,211,72995,171,73110,https://worldathletics.org/records/competition-performance-rankings/ranking/520495
173,520242,"Lynchburg Liberty Twilight, Lynchburg, VA",USA,29 APR 2010,29 APR 2010,40,255,73029,169,73069,https://worldathletics.org/records/competition-performance-rankings/ranking/520242
174,517014,"Port Elizabeth Yellow Pages Series, Port Elizabeth",RSA,19 FEB 2010,19 FEB 2010,75,234,72919,172,72994,https://worldathletics.org/records/competition-performance-rankings/ranking/517014
175,523121,"Albertville Meeting National D1, Albertville",FRA,12 JUL 2010,12 JUL 2010,320,135,72673,177,72993,https://worldathletics.org/records/competition-performance-rankings/ranking/523121
176,523645,"Birmingham McCain EAP Birmingham Games, Birmingham",GBR,24 JUL 2010,24 JUL 2010,85,224,72907,173,72992,https://worldathletics.org/records/competition-performance-rankings/ranking/523645
177,519944,"Houston Rice Twilight, Houston, TX",USA,24 APR 2010,24 APR 2010,115,211,72875,174,72990,https://worldathletics.org/records/competition-performance-rankings/ranking/519944
178,521585,"Chania Venizelia, Chania",GRE,31 MAY 2010,31 MAY 2010,480,110,72442,182,72922,https://worldathletics.org/records/competition-performance-rankings/ranking/521585
179,520263,"Tucson Double Dual Meet, Tucson, AZ",USA,01 MAY 2010,01 MAY 2010,75,234,72692,176,72767,https://worldathletics.org/records/competition-performance-rankings/ranking/520263
180,523066,"Nembro Meeting Citta Di Nembro, Nembro",ITA,06 JUL 2010,06 JUL 2010,100,219,72647,179,72747,https://worldathletics.org/records/competition-performance-rankings/ranking/523066
181,523456,"La Roche-sur-Yon Meeting National D2, La Roche-sur-Yon",FRA,22 JUL 2010,22 JUL 2010,180,175,72491,181,72671,https://worldathletics.org/records/competition-performance-rankings/ranking/523456
182,520807,"Louisville Cardinal Twilight, Louisville, KY",USA,14 MAY 2010,14 MAY 2010,55,244,72506,180,72561,https://worldathletics.org/records/competition-performance-rankings/ranking/520807
183,520101,"Durban Yellow Pages Series, Durban",RSA,26 FEB 2010,26 FEB 2010,320,135,72201,186,72521,https://worldathletics.org/records/competition-performance-rankings/ranking/520101
184,520253,"Mar del Plata Torneo Justo Roman, Mar del Plata",ARG,02 MAY 2010,02 MAY 2010,305,144,72213,185,72518,https://worldathletics.org/records/competition-performance-rankings/ranking/520253
185,521893,"Hendon British Athletics League, Hendon",GBR,05 JUN 2010,05 JUN 2010,115,211,72342,183,72457,https://worldathletics.org/records/competition-performance-rankings/ranking/521893
186,519560,"Azusa Brian Clay Invitational, Azusa, CA",USA,15 APR 2010,16 APR 2010,120,205,72302,184,72422,https://worldathletics.org/records/competition-performance-rankings/ranking/519560
187,521898,"Buenos Aires Grand Prix Sudamericano, Buenos Aires",ARG,06 MAY 2010,06 MAY 2010,330,132,71957,191,72287,https://worldathletics.org/records/competition-performance-rankings/ranking/521898
188,523938,"Warszawa Grand Prix Cud nad Wisłą, Warszawa",POL,14 AUG 2010,14 AUG 2010,175,176,72094,188,72269,https://worldathletics.org/records/competition-performance-rankings/ranking/523938
189,523206,"Minsk International Meeting, Minsk",BLR,14 JUL 2010,14 JUL 2010,265,156,71874,193,72139,https://worldathletics.org/records/competition-performance-rankings/ranking/523206
190,521874,"Birmingham UK Women's League, Birmingham",GBR,05 JUN 2010,05 JUN 2010,130,200,71996,190,72126,https://worldathletics.org/records/competition-performance-rankings/ranking/521874
191,519525,"Chapel Hill Joe Hilton Carolina Fast Times, Chapel Hill, NC",USA,10 APR 2010,10 APR 2010,5,286,72096,187,72101,https://worldathletics.org/records/competition-performance-rankings/ranking/519525
191,523085,"Owerri AFN Golden League, Owerri",NGR,05 JUN 2010,05 JUN 2010,20,269,72081,189,72101,https://worldathletics.org/records/competition-performance-rankings/ranking/523085
193,522519,"Namur Athletissima, Namur",BEL,30 JUN 2010,30 JUN 2010,110,214,71927,192,72037,https://worldathletics.org/records/competition-performance-rankings/ranking/522519
194,521906,"Eskilstuna Folksam Challenge, Eskilstuna",SWE,08 JUN 2010,08 JUN 2010,210,167,71782,196,71992,https://worldathletics.org/records/competition-performance-rankings/ranking/521906
195,522417,"Kohila BIG Kuldliiga, Kohila",EST,25 JUN 2010,25 JUN 2010,485,109,71469,205,71954,https://worldathletics.org/records/competition-performance-rankings/ranking/522417
196,523632,"Eton UK Women's Athletics League, Eton",GBR,31 JUL 2010,31 JUL 2010,135,195,71809,195,71944,https://worldathletics.org/records/competition-performance-rankings/ranking/523632
197,520745,"Norman Sooner Open, Norman, OK",USA,08 MAY 2010,08 MAY 2010,80,228,71842,194,71922,https://worldathletics.org/records/competition-performance-rankings/ranking/520745
198,526556,Rabat,MAR,08 MAY 2010,08 MAY 2010,70,238,71768,198,71838,https://worldathletics.org/records/competition-performance-rankings/ranking/526556
199,521869,"Basel Swiss Club Championships, Basel",SUI,05 JUN 2010,05 JUN 2010,90,222,71717,199,71807,https://worldathletics.org/records/competition-performance-rankings/ranking/521869
200,524573,"Hilversum Arena Games, Hilversum",NED,12 SEP 2010,12 SEP 2010,270,152,71536,202,71806,https://worldathletics.org/records/competition-performance-rankings/ranking/524573
201,526336,Casablanca,MAR,12 JUN 2010,12 JUN 2010,20,269,71776,197,71796,https://worldathletics.org/records/competition-performance-rankings/ranking/526336
202,520318,"Mar del Plata GP Santa Fe de La Vera Cruz, Mar del Plata",ARG,04 MAY 2010,04 MAY 2010,285,148,71506,203,71791,https://worldathletics.org/records/competition-performance-rankings/ranking/520318
203,520511,"Louisville Border Battle Kentuckiana, Louisville, KY",USA,10 APR 2010,10 APR 2010,35,257,71713,200,71748,https://worldathletics.org/records/competition-performance-rankings/ranking/520511
204,523139,"Novo Mesto International Meeting, Novo Mesto",SLO,13 JUL 2010,13 JUL 2010,245,157,71490,204,71735,https://worldathletics.org/records/competition-performance-rankings/ranking/523139
205,552250,"Viljandi BIG Kuldliiga, Viljandi",EST,06 JUL 2010,06 JUL 2010,325,134,71390,206,71715,https://worldathletics.org/records/competition-performance-rankings/ranking/552250
206,517610,"Tampa USF Bulls Invitational, Tampa, FL",USA,19 MAR 2010,19 MAR 2010,75,234,71577,201,71652,https://worldathletics.org/records/competition-performance-rankings/ranking/517610
207,522967,"Bucuresti Grand Prix, Bucureşti",ROU,03 JUL 2010,03 JUL 2010,185,173,71377,207,71562,https://worldathletics.org/records/competition-performance-rankings/ranking/522967
208,523994,"Lee Valley British Athletics League, Lee Valley",GBR,21 AUG 2010,21 AUG 2010,270,152,71235,211,71505,https://worldathletics.org/records/competition-performance-rankings/ranking/523994
209,521581,"München Pfingstmeeting, München",GER,22 MAY 2010,22 MAY 2010,120,205,71370,208,71490,https://worldathletics.org/records/competition-performance-rankings/ranking/521581
210,523929,"Międzyzdroje W. Komar & T. Slusarski Memorial, Miedzyzdroje",POL,17 AUG 2010,17 AUG 2010,310,141,71133,213,71443,https://worldathletics.org/records/competition-performance-rankings/ranking/523929
211,520077,"Medellín Grand Prix Ximena Restrepo, Medellín",COL,24 APR 2010,24 APR 2010,120,205,71297,209,71417,https://worldathletics.org/records/competition-performance-rankings/ranking/520077
212,520694,"Swarthmore Last Chance Meet, Swarthmore, PA",USA,10 MAY 2010,10 MAY 2010,20,269,71273,210,71293,https://worldathletics.org/records/competition-performance-rankings/ranking/520694
213,519654,"Sacramento Mondo Invitational, Sacramento, CA",USA,17 APR 2010,17 APR 2010,85,224,71187,212,71272,https://worldathletics.org/records/competition-performance-rankings/ranking/519654
214,521619,"Tartu BIG Kuldliiga, Tartu",EST,01 JUN 2010,01 JUN 2010,385,123,70716,222,71101,https://worldathletics.org/records/competition-performance-rankings/ranking/521619
215,520327,"Champaign Illinois Twilight, Champaign, IL",USA,30 APR 2010,30 APR 2010,45,252,71032,214,71077,https://worldathletics.org/records/competition-performance-rankings/ranking/520327
216,521944,"Sittard Dutch Club Championships, Sittard",NED,06 JUN 2010,06 JUN 2010,60,243,71003,215,71063,https://worldathletics.org/records/competition-performance-rankings/ranking/521944
217,523117,"Eindhoven Open, Eindhoven",NED,11 JUL 2010,11 JUL 2010,125,202,70895,217,71020,https://worldathletics.org/records/competition-performance-rankings/ranking/523117
218,524183,"Breda Track Meeting, Breda",NED,28 AUG 2010,28 AUG 2010,425,118,70549,228,70974,https://worldathletics.org/records/competition-performance-rankings/ranking/524183
219,520252,"Princeton Elite Meet, Princeton, NJ",USA,01 MAY 2010,01 MAY 2010,0,,70941,216,70941,https://worldathletics.org/records/competition-performance-rankings/ranking/520252
220,523123,Minsk,BLR,07 JUL 2010,07 JUL 2010,70,238,70869,218,70939,https://worldathletics.org/records/competition-performance-rankings/ranking/523123
221,523016,"Birmingham British Athletics League, Birmingham",GBR,03 JUL 2010,03 JUL 2010,135,195,70738,221,70873,https://worldathletics.org/records/competition-performance-rankings/ranking/523016
222,523775,"Radés Match Méditerranée Juniors, Radés",TUN,07 AUG 2010,07 AUG 2010,30,259,70842,219,70872,https://worldathletics.org/records/competition-performance-rankings/ranking/523775
223,519034,"Fayetteville Arkansas Spring Invitational, Fayetteville, AR",USA,27 MAR 2010,27 MAR 2010,50,250,70770,220,70820,https://worldathletics.org/records/competition-performance-rankings/ranking/519034
224,521437,"Bern European Champion Clubs Cup, Bern",SUI,30 MAY 2010,30 MAY 2010,125,202,70686,223,70811,https://worldathletics.org/records/competition-performance-rankings/ranking/521437
225,522124,"Spanish Club Championships, Valencia",ESP,12 JUN 2010,12 JUN 2010,155,188,70645,226,70800,https://worldathletics.org/records/competition-performance-rankings/ranking/522124
226,522999,"Manchester UK Women's League, Manchester",GBR,03 JUL 2010,03 JUL 2010,120,205,70669,224,70789,https://worldathletics.org/records/competition-performance-rankings/ranking/522999
227,524471,"Sao Paulo Torneio FPA, São Paulo",BRA,04 SEP 2010,04 SEP 2010,140,192,70566,227,70706,https://worldathletics.org/records/competition-performance-rankings/ranking/524471
228,482584,"Sydney Hunter Track Classic, Sydney",AUS,06 FEB 2010,06 FEB 2010,40,255,70654,225,70694,https://worldathletics.org/records/competition-performance-rankings/ranking/482584
229,523865,"Fribourg Swiss Meeting, Fribourg",SUI,14 AUG 2010,14 AUG 2010,120,205,70506,229,70626,https://worldathletics.org/records/competition-performance-rankings/ranking/523865
230,523281,"Valmiera President's Cup, Valmiera",LAT,17 JUL 2010,18 JUL 2010,285,148,70287,233,70572,https://worldathletics.org/records/competition-performance-rankings/ranking/523281
231,521674,"Ewing Lions Last Chance, Trenton, NJ",USA,20 MAY 2010,20 MAY 2010,5,286,70502,230,70507,https://worldathletics.org/records/competition-performance-rankings/ranking/521674
232,523316,"Abilene Oliver Jackson Open, Abilene, TX",USA,01 MAY 2010,01 MAY 2010,80,228,70405,231,70485,https://worldathletics.org/records/competition-performance-rankings/ranking/523316
233,519156,"Stellenbosch Yellow Pages Series, Stellenbosch",RSA,30 MAR 2010,30 MAR 2010,100,219,70334,232,70434,https://worldathletics.org/records/competition-performance-rankings/ranking/519156
234,523680,"Barcelona Copa de Clubes, Barcelona",ESP,03 AUG 2010,03 AUG 2010,295,145,70093,239,70388,https://worldathletics.org/records/competition-performance-rankings/ranking/523680
235,520267,"Manhattan Ward Haylett Invitational, Manhattan, KS",USA,01 MAY 2010,01 MAY 2010,45,252,70270,234,70315,https://worldathletics.org/records/competition-performance-rankings/ranking/520267
236,521886,"Biała Podlaska Polish National League, Biala Podlaska",POL,29 MAY 2010,29 MAY 2010,320,135,69988,244,70308,https://worldathletics.org/records/competition-performance-rankings/ranking/521886
237,520269,"Pullman Washington Dual, Pullman, WA",USA,01 MAY 2010,01 MAY 2010,55,244,70221,235,70276,https://worldathletics.org/records/competition-performance-rankings/ranking/520269
238,522991,"Cali Grand Prix Sudamericano, Cali",COL,03 JUL 2010,03 JUL 2010,165,180,70099,238,70264,https://worldathletics.org/records/competition-performance-rankings/ranking/522991
239,523086,"Richmond Kajaks Review International Track Classic, Richmond",CAN,09 JUL 2010,09 JUL 2010,75,234,70177,236,70252,https://worldathletics.org/records/competition-performance-rankings/ranking/523086
240,519657,"Louisville Lenny Lyle / Clarke Wood Invite, Louisville, KY",USA,16 APR 2010,16 APR 2010,5,286,70161,237,70166,https://worldathletics.org/records/competition-performance-rankings/ranking/519657
241,521681,"St. Pölten Austrian Top 4, St. Pölten",AUT,03 JUN 2010,03 JUN 2010,165,180,69999,243,70164,https://worldathletics.org/records/competition-performance-rankings/ranking/521681
242,520699,"Charlotte Johnson C. Smith Invitational, Charlotte, NC",USA,10 APR 2010,10 APR 2010,20,269,70092,240,70112,https://worldathletics.org/records/competition-performance-rankings/ranking/520699
243,523922,"Nottwil Bonus-Track Swiss Meeting, Nottwil",SUI,26 JUN 2010,26 JUN 2010,15,274,70071,241,70086,https://worldathletics.org/records/competition-performance-rankings/ranking/523922
244,521889,"Mondovi Primavera Meeting, Mondovi",ITA,02 JUN 2010,02 JUN 2010,10,279,70041,242,70051,https://worldathletics.org/records/competition-performance-rankings/ranking/521889
245,524670,"Rio Piedras Primera Clasificatoria, Rio Piedras",PUR,20 FEB 2010,20 FEB 2010,70,238,69925,245,69995,https://worldathletics.org/records/competition-performance-rankings/ranking/524670
246,522099,"Tampere 4 athletics GP, Tampere",FIN,13 JUN 2010,13 JUN 2010,120,205,69858,246,69978,https://worldathletics.org/records/competition-performance-rankings/ranking/522099
247,525765,Tunis,TUN,19 JUN 2010,19 JUN 2010,165,180,69768,247,69933,https://worldathletics.org/records/competition-performance-rankings/ranking/525765
248,522463,"Santander Campeonato de Espana de Federaciones, Santander",ESP,26 JUN 2010,26 JUN 2010,135,195,69715,249,69850,https://worldathletics.org/records/competition-performance-rankings/ranking/522463
249,520700,"Fort Collins Fum McGraw Open, Fort Collins, CO",USA,08 MAY 2010,08 MAY 2010,105,218,69699,250,69804,https://worldathletics.org/records/competition-performance-rankings/ranking/520700
250,519324,"Provo BYU Cougar Invitational, Provo, UT",USA,02 APR 2010,02 APR 2010,15,274,69739,248,69754,https://worldathletics.org/records/competition-performance-rankings/ranking/519324
251,520482,"Lincoln Nebraska Open, Lincoln, NE",USA,08 MAY 2010,08 MAY 2010,175,176,69564,252,69739,https://worldathletics.org/records/competition-performance-rankings/ranking/520482
252,520496,"Knoxville Tennessee Invitational, Knoxville, TN",USA,08 MAY 2010,08 MAY 2010,85,224,69608,251,69693,https://worldathletics.org/records/competition-performance-rankings/ranking/520496
253,520799,"Saint-Niklaas Int. Peugeotmeeting, Sint-Niklaas",BEL,13 MAY 2010,13 MAY 2010,110,214,69459,253,69569,https://worldathletics.org/records/competition-performance-rankings/ranking/520799
254,517230,"Stanford Opener, Palo Alto, CA",USA,06 MAR 2010,06 MAR 2010,0,,69408,254,69408,https://worldathletics.org/records/competition-performance-rankings/ranking/517230
255,520851,Meknés,MAR,10 APR 2010,10 APR 2010,15,274,69215,255,69230,https://worldathletics.org/records/competition-performance-rankings/ranking/520851
256,524440,"Hendon 10 in 100 Cup Final, Hendon",GBR,04 SEP 2010,04 SEP 2010,210,167,68985,258,69195,https://worldathletics.org/records/competition-performance-rankings/ranking/524440
257,523939,"Sao Paulo, São Paulo",BRA,15 AUG 2010,15 AUG 2010,55,244,69043,256,69098,https://worldathletics.org/records/competition-performance-rankings/ranking/523939
258,521611,"Jögeva BIG Kuldliiga, Jögeva",EST,27 MAY 2010,27 MAY 2010,205,171,68841,259,69046,https://worldathletics.org/records/competition-performance-rankings/ranking/521611
259,524559,"Celje SLO-CZE-HUN U23 Match, Celje",SLO,11 SEP 2010,11 SEP 2010,215,165,68819,260,69034,https://worldathletics.org/records/competition-performance-rankings/ranking/524559
260,520116,"Fort Worth TCU Invitational, Fort Worth, TX",USA,16 APR 2010,17 APR 2010,10,279,69005,257,69015,https://worldathletics.org/records/competition-performance-rankings/ranking/520116
261,528655,"Melbourne Zatopek:10, Melbourne",AUS,09 DEC 2010,09 DEC 2010,210,167,68803,262,69013,https://worldathletics.org/records/competition-performance-rankings/ranking/528655
262,523265,"Székesfehérvár ARAK Kupa, Székesfehérvár",HUN,17 JUL 2010,17 JUL 2010,160,183,68694,265,68854,https://worldathletics.org/records/competition-performance-rankings/ranking/523265
263,521579,Langenthal,SUI,13 MAY 2010,13 MAY 2010,20,269,68813,261,68833,https://worldathletics.org/records/competition-performance-rankings/ranking/521579
264,521827,"Kobenhavn International Meeting, København",DEN,04 JUN 2010,04 JUN 2010,85,224,68742,264,68827,https://worldathletics.org/records/competition-performance-rankings/ranking/521827
265,523054,"Veszprém HUN–CRO–CZE–SLO Junior Match, Veszprém",HUN,07 JUL 2010,07 JUL 2010,15,274,68800,263,68815,https://worldathletics.org/records/competition-performance-rankings/ranking/523054
266,523649,"Malmö Folksam Challenge, Malmö",SWE,03 AUG 2010,03 AUG 2010,135,195,68507,267,68642,https://worldathletics.org/records/competition-performance-rankings/ranking/523649
267,524322,"Stockholm Swedish Club Championships, Stockholm",SWE,31 AUG 2010,31 AUG 2010,125,202,68516,266,68641,https://worldathletics.org/records/competition-performance-rankings/ranking/524322
268,522356,"Osterode Volksbankmeeting, Osterode",GER,22 JUN 2010,22 JUN 2010,170,179,68225,268,68395,https://worldathletics.org/records/competition-performance-rankings/ranking/522356
269,520895,"Spanish Club Championships, Nerja",ESP,15 MAY 2010,15 MAY 2010,160,183,68115,271,68275,https://worldathletics.org/records/competition-performance-rankings/ranking/520895
270,520443,"Houston Rice Field and Track Meet, Houston, TX",USA,06 MAY 2010,06 MAY 2010,55,244,68205,269,68260,https://worldathletics.org/records/competition-performance-rankings/ranking/520443
271,523250,Lisboa,POR,14 JUL 2010,14 JUL 2010,95,221,68164,270,68259,https://worldathletics.org/records/competition-performance-rankings/ranking/523250
272,523696,Castres,FRA,31 JUL 2010,31 JUL 2010,0,,67984,272,67984,https://worldathletics.org/records/competition-performance-rankings/ranking/523696
273,520901,"Spanish Club Championships, San Sebastián",ESP,15 MAY 2010,15 MAY 2010,130,200,67849,273,67979,https://worldathletics.org/records/competition-performance-rankings/ranking/520901
274,523068,"Abbotsford Lafarge International Track Classic, Abbotsford",CAN,03 JUL 2010,03 JUL 2010,30,259,67722,274,67752,https://worldathletics.org/records/competition-performance-rankings/ranking/523068
275,523669,"Huizingen Allonsius Sport Meeting, Huizingen",BEL,31 JUL 2010,31 JUL 2010,25,264,67621,275,67646,https://worldathletics.org/records/competition-performance-rankings/ranking/523669
276,523455,"Chiuro ITA-FRA-SLO U18 Int. Match, Chiuro",ITA,24 JUL 2010,24 JUL 2010,15,274,67555,276,67570,https://worldathletics.org/records/competition-performance-rankings/ranking/523455
277,521135,"Basel Susanne Meier Memorial, Basel",SUI,24 MAY 2010,24 MAY 2010,5,286,67514,277,67519,https://worldathletics.org/records/competition-performance-rankings/ranking/521135
278,521120,"Leiria Meeting Cidade de Leiria, Leiria",POR,22 MAY 2010,22 MAY 2010,80,228,67396,279,67476,https://worldathletics.org/records/competition-performance-rankings/ranking/521120
279,516759,"Auckland TransTasman 21 Athletics Test Match, Auckland",NZL,20 FEB 2010,20 FEB 2010,45,252,67419,278,67464,https://worldathletics.org/records/competition-performance-rankings/ranking/516759
280,519228,"Sacramento American River Invitational, Sacramento, CA",USA,03 APR 2010,03 APR 2010,5,286,67101,280,67106,https://worldathletics.org/records/competition-performance-rankings/ranking/519228
281,520118,"Baltimore Coppin State Eagle Twilight, Baltimore, MD",USA,29 APR 2010,29 APR 2010,0,,67050,281,67050,https://worldathletics.org/records/competition-performance-rankings/ranking/520118
282,521549,"Perth AWA Interclub, Perth",AUS,19 FEB 2010,19 FEB 2010,25,264,66716,283,66741,https://worldathletics.org/records/competition-performance-rankings/ranking/521549
283,525535,"Cedar City Eccles Coliseum Spring Meet, Cedar City, UT",USA,01 MAY 2010,01 MAY 2010,0,,66733,282,66733,https://worldathletics.org/records/competition-performance-rankings/ranking/525535
284,519022,"El Paso UTEP Springtime, El Paso, TX",USA,27 MAR 2010,27 MAR 2010,10,279,66682,284,66692,https://worldathletics.org/records/competition-performance-rankings/ranking/519022
285,519476,"Pittsburg Gorilla Classic, Pittsburgh, PA",USA,10 APR 2010,10 APR 2010,0,,66569,285,66569,https://worldathletics.org/records/competition-performance-rankings/ranking/519476
286,524731,"Bydgoszcz European Champion Club Cup Juniors, Bydgoszcz",POL,18 SEP 2010,18 SEP 2010,5,286,66442,286,66447,https://worldathletics.org/records/competition-performance-rankings/ranking/524731
287,524565,Chiuro,ITA,11 SEP 2010,11 SEP 2010,0,,66434,287,66434,https://worldathletics.org/records/competition-performance-rankings/ranking/524565
288,529445,"St. Gallen SVM Nationalliga B, St. Gallen",SUI,05 JUN 2010,05 JUN 2010,5,286,66312,288,66317,https://worldathletics.org/records/competition-performance-rankings/ranking/529445
289,524421,"Olomouc Czech Club Championships, Olomouc",CZE,04 SEP 2010,04 SEP 2010,55,244,66203,290,66258,https://worldathletics.org/records/competition-performance-rankings/ranking/524421
290,524600,"Sarajevo Junior Meeting, Sarajevo",BIH,11 SEP 2010,11 SEP 2010,5,286,66212,289,66217,https://worldathletics.org/records/competition-performance-rankings/ranking/524600
291,521544,Brisbane,AUS,29 JAN 2010,29 JAN 2010,0,,66158,291,66158,https://worldathletics.org/records/competition-performance-rankings/ranking/521544
292,520336,"Rovereto Quercia d'Oro, Rovereto",ITA,02 MAY 2010,02 MAY 2010,35,257,66081,292,66116,https://worldathletics.org/records/competition-performance-rankings/ranking/520336
293,526185,Tullamore,IRL,05 JUN 2010,05 JUN 2010,0,,66066,293,66066,https://worldathletics.org/records/competition-performance-rankings/ranking/526185
294,524794,"Colombier Swiss Club Championships, Colombier",SUI,18 SEP 2010,18 SEP 2010,5,286,65894,294,65899,https://worldathletics.org/records/competition-performance-rankings/ranking/524794
295,520607,"Vénissieux French Club Championships, Vénissieux",FRA,09 MAY 2010,09 MAY 2010,110,214,65750,296,65860,https://worldathletics.org/records/competition-performance-rankings/ranking/520607
296,525995,"Toronto Pre-Nationals Twilight Meet, Toronto",CAN,20 JUL 2010,20 JUL 2010,25,264,65790,295,65815,https://worldathletics.org/records/competition-performance-rankings/ranking/525995
297,524673,"Trnava Slovak Club Championships, Trnava",SVK,15 SEP 2010,15 SEP 2010,290,146,65354,298,65644,https://worldathletics.org/records/competition-performance-rankings/ranking/524673
298,520804,"Dillingen Pokal der Freundschaft, Dillingen",GER,13 MAY 2010,13 MAY 2010,30,259,65604,297,65634,https://worldathletics.org/records/competition-performance-rankings/ranking/520804
299,519224,"Jacksonville JSU Gem of the Hills, Jacksonville, FL",USA,03 APR 2010,03 APR 2010,0,,65044,299,65044,https://worldathletics.org/records/competition-performance-rankings/ranking/519224
300,529043,"Köngen Abendsportfest, Köngen",GER,21 JUL 2010,21 JUL 2010,0,,64853,300,64853,https://worldathletics.org/records/competition-performance-rankings/ranking/529043
301,524732,"Rieti European Champion Club Cup Juniors, Rieti",ITA,18 SEP 2010,18 SEP 2010,10,279,64769,301,64779,https://worldathletics.org/records/competition-performance-rankings/ranking/524732
302,522145,"Brno CZE-SVK-HUN U18 Match, Brno",CZE,12 JUN 2010,12 JUN 2010,0,,64628,302,64628,https://worldathletics.org/records/competition-performance-rankings/ranking/522145
303,521572,Modena,ITA,25 APR 2010,25 APR 2010,10,279,64364,303,64374,https://worldathletics.org/records/competition-performance-rankings/ranking/521572
304,528292,"Frauenfeld IBL Länderkampf, Frauenfeld",SUI,08 MAY 2010,08 MAY 2010,0,,63887,304,63887,https://worldathletics.org/records/competition-performance-rankings/ranking/528292
305,524574,"Hvidovre Danish Club Championships, Hvidovre",DEN,11 SEP 2010,11 SEP 2010,25,264,63493,305,63518,https://worldathletics.org/records/competition-performance-rankings/ranking/524574
306,520481,"Olomuc, Olomouc",CZE,08 MAY 2010,08 MAY 2010,90,222,63372,306,63462,https://worldathletics.org/records/competition-performance-rankings/ranking/520481
307,524899,"Hallein ArGe ALP Sommerspiele, Hallein",AUT,18 SEP 2010,18 SEP 2010,10,279,63282,307,63292,https://worldathletics.org/records/competition-performance-rankings/ranking/524899
308,524770,"Enschede Dutch Club Championships, Enschede",NED,19 SEP 2010,19 SEP 2010,65,241,62823,309,62888,https://worldathletics.org/records/competition-performance-rankings/ranking/524770
309,529098,"Bern Junior Meeting, Bern",SUI,29 MAY 2010,29 MAY 2010,0,,62833,308,62833,https://worldathletics.org/records/competition-performance-rankings/ranking/529098
310,520135,"Lafayette Cole-Lancon Twi-Light, Lafayette, LA",USA,29 APR 2010,29 APR 2010,5,286,62123,310,62128,https://worldathletics.org/records/competition-performance-rankings/ranking/520135
311,520441,"University Park Penn State Open, University Park, PA",USA,07 MAY 2010,07 MAY 2010,30,259,61741,311,61771,https://worldathletics.org/records/competition-performance-rankings/ranking/520441
312,520753,"Judenburg Austrian Club Championships, Judenburg",AUT,13 MAY 2010,13 MAY 2010,50,250,59908,312,59958,https://worldathletics.org/records/competition-performance-rankings/ranking/520753
